{"mean": [0.790224032586558, 0.6578411405295316, 1.1347368421052633, 0.219959266802444, 0.1446028513238289, 6816.568228105906, 1329.9857433808554, 138.90779777492554, 272.1384928716904, 0.6965376782077393, 1.030549898167006], "scale": [0.40714863491014736, 0.47443247607677186, 1.1005996854397277, 0.4142187679839909, 0.3516999668934411, 3453.8323165734087, 1792.6032446897182, 68.54823577884625, 115.26693170539157, 0.4597531305436768, 0.7367868695183799]}